Name,Category,Address,Phone
VG HR Professionals,Human resource consulting,"92, Stadium Rd",098977 90981
PIONEER CONSULTANCY SERVICES,Recruiter,"Friends Colony Part 2, Near Wajid Nagar Complex, Prince Rd",073510 50570
favourable consulting pvt. ltd.,Recruiter,"RPJQ+RV3, Delhi Rd",
LAKSHYA A Placement & Training Division (LPD),Recruiter,"Samrat ashok nagar, near galaxy banquet Kashiram gate the front of shri sai hospital",063965 81835
NEOTECH CONSULTANCY SERVICES,Consultant,Ram Ganga Vihar 2,0591 355 1002
4.9(12),Open,Closes 7 pm · 078200 20731,
Sunrise Job Placement,Employment agency,"Thekedar Wali Masjid Road, near Ingeel",080777 73586
Moradabad Job's Hub Consultancy,Unemployment office,"Doraha Basson, Rampur, Waali Gali",093581 33500
Indo Gulf Overseas,Human resource consulting,"Rampur Rd, near Prathma Bank",091515 74446
3.3(7),Open,Closes 6 pm · 098977 56622,
"Deepak Ashish , DEVELOPMENT OFFICER",Employment agency,"L/C 17 chamunda, Kuan Wali Gali",090273 31727
Job Center,Employment center,"Akash green, A 114",062072 08425
CSR GLOBAL,Consultant,Delhi Rd,094572 50360
Superlative Overseas Educational & immigration consultants,Educational consultant,"FIRST FLOOR, PARSHVNATH PLAZA, opposite TMIMT, 1, Delhi Rd",090684 31074
5.0(6),Open,Closes 5 pm · 082186 85159,
Moradabad Overseas,Employment agency,"A-63, Rd Number 1",
No reviews,Open,Closes 5 pm,
FAVOURABLE CONSULTING PRIVATE LIMITED,Consultant,"RQR3+48C, behind SAI HOSPITAL",
Sunrise Consultancy,Corporate office,"· PARSVANATH PLAZA - 1, S/F - 217, 3rd FLOOR , Delhi Rd, Mansarover Colony,, Road",083949 10007
Kumar Enterprises,Employment agency,"Sri Sai Hospital, A-1/06, Delhi Rd",0591 653 5405
Akash Bansal (NetPeople),Computer consultant,"3C, 145",098370 23388
Advocate Ashish Trivedi (Genuine Accounting Services),Tax attorney,"Shop no 5, Dr harish wali gali",090452 62100
Business Starter,Consultant,"H No.2, near Sales Tax Department",088688 91669
No reviews,Open,Closes 5 pm · 090457 70501,
Job Works,Employment agency,Purani Masjid - پرانی مسجد,
Nitin Narang & Associates Advocate | GST Registration | ITR Filing near me | Tax CA Advocates Best in Moradabad | Tax Refund,Tax attorney,"C-16 FIRST FLOOR, BHARAT COMPLEX, KUMAR KUNJ, GMD Rd",063963 88448
Mahender Pal Singh Development Officer Moradabad 244001,Employment center,HIG A2/35,
Job Center,Employment agency,"RQP9+9M8, Unnamed Road",078307 08919
Shishir gupta & Associates,Consultant,"RQW9+38P, opp. Hotel Raj Mahal",
